time,r_pns,mass_pns
0.213,152.57856,0.976085110663984
0.214,145.57556,0.997798340040241
0.215,138.89397,1.01998174044266
0.216,132.51906,1.04479230382294
0.217,120.63358,1.06325724346076
0.218,138.89397,1.10668848088531
0.219,132.51906,1.12356126760563
0.22,82.83765,1.11405588531187
0.221,68.644783,1.1208111167002
0.222,65.494146,1.13181076458753
0.223,65.494146,1.15186262575453
0.224,68.644783,1.17518284708249
0.225,68.644783,1.18351322937626
0.226,68.644783,1.19475347082495
0.227,71.946985,1.21230643863179
0.228,71.946985,1.22342077464789
0.229,71.946985,1.234423138833
0.23,75.40804,1.24550940643863
0.231,79.035592,1.2578282193159
0.232,82.83765,1.26928138832998
0.233,86.822608,1.27917489939638
0.234,86.822608,1.28408858148893
0.235,87.395827,1.29414124748491
0.236,85.088169,1.29989894366197
0.237,86.279214,1.30694004024145
0.238,86.822608,1.31206830985915
0.239,89.824698,1.319598138833
0.24,92.494945,1.32632213279678
0.241,94.29332,1.332171277666
0.242,95.376843,1.33851413480885
0.243,94.769256,1.34304703219316
0.244,95.029537,1.34683068410463
0.245,95.376843,1.35022253521127
0.246,96.373701,1.35305855130785
0.247,99.965007,1.36160774647887
0.248,99.965007,1.36367449698189
0.249,99.965007,1.36723591549296
0.25,96.175238,1.36651740442656
0.251,95.530735,1.36949884305835
0.252,95.772622,1.37252132796781
0.253,97.720064,1.37664411468813
0.254,89.069571,1.36792303822938
0.255,95.750147,1.37806649899396
0.256,93.257601,1.37832691146881
0.257,87.850994,1.37449144869215
0.258,86.602157,1.37620216297787
0.259,87.081275,1.38013621730382
0.26,85.814961,1.38202464788732
0.261,89.708279,1.38989803822938
0.262,86.888331,1.38839959758551
0.263,82.98077,1.38548375251509
0.264,85.057333,1.39046534205231
0.265,84.594882,1.39249230382294
0.266,83.268473,1.39357515090543
0.267,82.835435,1.39613918511066
0.268,82.337761,1.39824361167002
0.269,82.485337,1.40101182092555
0.27,83.960768,1.40510513078471
0.271,82.848083,1.40643878269618
0.272,82.70521,1.40894411468813
0.273,81.888979,1.41027520120724
0.274,82.50601,1.41331458752515
0.275,82.630159,1.41599310865191
0.276,82.162493,1.41785437625755
0.277,81.546467,1.41958174044266
0.278,81.038453,1.42141036217304
0.279,81.511866,1.42415080482897
0.28,81.551511,1.42618722334004
0.281,80.798325,1.42760764587525
0.282,80.594979,1.4296838028169
0.283,80.391208,1.43171177062374
0.284,80.517732,1.4340305331992
0.285,80.259627,1.43607354124748
0.286,80.213369,1.43817736418511
0.287,80.09401,1.44011901408451
0.288,79.957335,1.44198576458753
0.289,80.060069,1.44406634808853
0.29,79.917732,1.44598521126761
0.291,79.628474,1.44785256539235
0.292,79.402133,1.44983677062374
0.293,79.471238,1.45198088531187
0.294,79.436607,1.45397540241449
0.295,79.198943,1.45578013078471
0.296,79.150089,1.45770709255533
0.297,78.951152,1.4594393360161
0.298,78.796946,1.46122258551308
0.299,78.64076,1.46302002012072
0.3,78.488901,1.4647838028169
0.301,77.989691,1.46625558350101
0.302,77.909872,1.4680629778672
0.303,77.953781,1.46991292756539
0.304,77.680046,1.47154964788732
0.305,77.508364,1.47324708249497
0.306,77.425626,1.47494310865191
0.307,77.253026,1.47657027162978
0.308,77.165554,1.47827374245473
0.309,76.821492,1.47980196177062
0.31,76.444132,1.48136478873239
0.311,76.33152,1.4830485915493
0.312,76.370805,1.4848245472837
0.313,76.00473,1.48625125754527
0.314,75.756742,1.48777263581489
0.315,75.645369,1.48937067404427
0.316,75.514366,1.49090779678068
0.317,74.981142,1.49221036217304
0.318,74.921822,1.49376031187123
0.319,74.790164,1.49521695171026
0.32,74.544148,1.49665503018109
0.321,74.361541,1.4981226861167
0.322,73.969287,1.49947092555332
0.323,73.845152,1.50097811871227
0.324,73.578435,1.50231116700201
0.325,73.095322,1.50351524144869
0.326,73.180108,1.50501825955734
0.327,72.881454,1.50635543259557
0.328,72.481675,1.50766307847082
0.329,72.469414,1.50910578470825
0.33,72.061957,1.51023606639839
0.331,71.996206,1.51157786720322
0.332,71.870271,1.51286775653924
0.333,71.358118,1.51395824949698
0.334,71.108592,1.51521091549296
0.335,70.711421,1.51635135814889
0.336,70.642974,1.51760487927565
0.337,70.58716,1.51887474849095
0.338,70.459122,1.52020638832998
0.339,69.998051,1.52138626760563
0.34,69.906884,1.52274748490946
0.341,69.647735,1.52390080482897
0.342,69.328839,1.5250347082495
0.343,69.273335,1.5262495472837
0.344,68.919401,1.52731232394366
0.345,68.498355,1.5283907444668
0.346,68.066305,1.52943556338028
0.347,68.027678,1.53055824949698
0.348,67.79506,1.53162997987928
0.349,67.620521,1.5327796277666
0.35,67.234633,1.53381468812877
0.351,67.205441,1.53500482897384
0.352,67.271471,1.53625165995976
0.353,66.851508,1.53728038229376
0.354,66.736989,1.53839170020121
0.355,66.731753,1.53944456740443
0.356,66.042521,1.54029230382294
0.357,65.703481,1.54127142857143
0.358,65.598659,1.54227173038229
0.359,65.568699,1.54334657947686
0.36,65.245091,1.54431891348089
0.361,65.01288,1.54538526156942
0.362,64.973459,1.54647479879276
0.363,64.87389,1.54752047283702
0.364,64.831339,1.54866076458753
0.365,64.599625,1.54968677062374
0.366,64.607228,1.55081041247485
0.367,64.570521,1.55189034205231
0.368,63.943767,1.5527323943662
0.369,63.920205,1.55381921529175
0.37,63.903455,1.55482263581489
0.371,63.640897,1.55578360160966
0.372,63.158947,1.55673586519115
0.373,63.356327,1.5578805331992
0.374,63.154254,1.55885301810865
0.375,63.090755,1.55983420523139
0.376,62.68266,1.56071418511066
0.377,62.564291,1.56170995975855
0.378,62.399216,1.56266695171026
0.379,62.282949,1.56366011066398
0.38,61.821146,1.56449441649899
0.381,62.011433,1.56550135814889
0.382,61.490366,1.56631564386318
0.383,61.245681,1.56721740442656
0.384,61.136073,1.5681444668008
0.385,61.048913,1.56908395372233
0.386,60.717734,1.56998128772636
0.387,60.647365,1.57087464788732
0.388,60.261678,1.57168309859155
0.389,60.333671,1.57265201207243
0.39,60.136526,1.57355181086519
0.391,60.26899,1.57456086519115
0.392,60.210701,1.57551257545272
0.393,59.897111,1.57639466800805
0.394,59.882028,1.57734250503018
0.395,59.54534,1.57818038229376
0.396,59.364804,1.57903033199195
0.397,58.976206,1.57981217303823
0.398,58.696067,1.58061509054326
0.399,58.370042,1.5813856639839
0.4,58.42868,1.58231167002012
0.401,58.099989,1.58313968812877
0.402,58.304582,1.58413631790744
0.403,58.084948,1.58503319919517
0.404,57.825459,1.58588752515091
0.405,57.722216,1.58669808853119
0.406,57.47925,1.58741016096579
0.407,57.291573,1.58825201207243
0.408,57.105443,1.58908043259557
0.409,57.09231,1.58988873239437
0.41,56.503686,1.59050206237425
0.411,56.653465,1.59136242454728
0.412,56.62527,1.59221519114688
0.413,56.638283,1.59307847082495
0.414,56.696329,1.59399874245473
0.415,56.824153,1.5949277665996
0.416,57.041918,1.59593395372233
0.417,56.289456,1.59666327967807
0.418,56.63896,1.59754019114688
0.419,55.740626,1.59810246478873
0.42,55.804802,1.59894200201207
0.421,55.908021,1.59979662977867
0.422,55.739304,1.60061061368209
0.423,55.588894,1.60142932595573
0.424,55.510403,1.6021911971831
0.425,55.433615,1.6030088028169
0.426,55.481004,1.60391428571429
0.427,55.11353,1.60469341046278
0.428,55.118145,1.60545326961771
0.429,54.821953,1.60617882293763
0.43,54.679069,1.60693943661972
0.431,54.601137,1.60776081488934
0.432,54.522533,1.60858501006036
0.433,54.658051,1.6093976861167
0.434,54.335477,1.61016584507042
0.435,54.177322,1.61097137826962
0.436,54.156955,1.61173370221328
0.437,53.851921,1.61241448692153
0.438,53.999831,1.61330246478873
0.439,53.848918,1.61411262575453
0.44,53.769875,1.61490216297787
0.441,53.71373,1.6156930583501
0.442,53.375252,1.61641986921529
0.443,53.190001,1.61715402414487
0.444,53.344423,1.61796172032193
0.445,53.332672,1.6187888832998
0.446,53.020825,1.61956921529175
0.447,53.091595,1.62033863179074
0.448,52.823544,1.62102937625755
0.449,52.6883,1.62183370221328
0.45,52.632635,1.62260965794769
0.451,52.515362,1.62333143863179
0.452,52.352726,1.62403938631791
0.453,52.312897,1.62477932595573
0.454,52.396203,1.62554818913481
0.455,52.200889,1.62629336016097
0.456,51.961824,1.62697585513078
0.457,51.786852,1.62762671026157
0.458,51.563759,1.62830593561368
0.459,51.58335,1.62903199195171
0.46,51.336989,1.62969668008048
0.461,51.370975,1.63043863179074
0.462,51.406067,1.63121644869215
0.463,51.269984,1.63195754527163
0.464,51.299901,1.63272183098592
0.465,50.829506,1.63331901408451
0.466,50.640457,1.63399758551308
0.467,50.540965,1.6346754527163
0.468,50.408085,1.63538465794769
0.469,50.531691,1.63614788732394
0.47,50.519784,1.6368514084507
0.471,50.622918,1.63762982897384
0.472,50.546751,1.63835256539235
0.473,50.275598,1.63896312877264
0.474,50.212196,1.63970503018109
0.475,50.128689,1.64040377263581
0.476,49.945775,1.64105271629779
0.477,49.578292,1.64163526156942
0.478,49.590127,1.64231187122736
0.479,49.670446,1.64307117706237
0.48,49.621913,1.64379718309859
0.481,49.72834,1.64453822937626
0.482,49.577658,1.64524567404427
0.483,49.375068,1.64589014084507
0.484,49.483893,1.64659336016097
0.485,49.396264,1.64732721327968
0.486,49.34328,1.64804612676056
0.487,49.138013,1.64869240442656
0.488,49.032302,1.64937842052314
0.489,48.823631,1.65004325955734
0.49,48.626547,1.65068309859155
0.491,48.352712,1.65131825955734
0.492,48.129974,1.65192992957746
0.493,48.222162,1.65258948692153
0.494,48.051716,1.6532485915493
0.495,48.110187,1.6539152917505
0.496,47.961932,1.65452364185111
0.497,48.116394,1.6552379778672
0.498,47.789651,1.65586514084507
0.499,47.962222,1.65654014084507
0.5,47.701808,1.65720402414487
0.501,47.907845,1.65790427565392
0.502,47.84402,1.65859356136821
0.503,47.720863,1.65925840040241
0.504,47.778945,1.65994381287726
0.505,47.645286,1.66061217303823
0.506,47.768276,1.66131649899396
0.507,47.381522,1.66189401408451
0.508,47.293186,1.66251383299799
0.509,47.067555,1.6631023138833
0.51,47.106373,1.66372444668008
0.511,47.05893,1.66439019114688
0.512,47.047279,1.66504376257545
0.513,47.043544,1.66569808853119
0.514,46.788736,1.66630900402414
0.515,46.578454,1.6668838028169
0.516,46.336626,1.66747208249497
0.517,46.552632,1.66816634808853
0.518,46.480837,1.66881740442656
0.519,46.521044,1.66948360160966
0.52,46.506523,1.67015301810865
0.521,46.267323,1.67075779678068
0.522,46.077885,1.67131846076459
0.523,46.062132,1.67197877263581
0.524,45.934284,1.67258863179074
0.525,45.755093,1.67313108651911
0.526,45.707933,1.67375709255533
0.527,45.728274,1.6743902917505
0.528,45.55918,1.67497162977867
0.529,45.482652,1.67558596579477
0.53,45.328351,1.67615930583501
0.531,45.386508,1.67679984909457
0.532,45.236908,1.67739265593561
0.533,45.193684,1.67798043259557
0.534,45.278057,1.6786277665996
0.535,45.321985,1.67925860160966
0.536,45.235561,1.67989476861167
0.537,45.128258,1.68048169014085
0.538,45.02041,1.68109733400402
0.539,45.026938,1.68171483903421
0.54,44.948258,1.68233058350101
0.541,45.003954,1.68297263581489
0.542,44.897874,1.68357520120724
0.543,44.735869,1.68416498993964
0.544,44.67266,1.68476448692153
0.545,44.353974,1.68530251509054
0.546,44.163455,1.68584502012072
0.547,44.23801,1.68644577464789
0.548,44.000354,1.68702414486922
0.549,44.066547,1.68760095573441
0.55,44.164503,1.68824004024145
0.551,44.120527,1.68883294768612
0.552,43.901813,1.68939024144869
0.553,43.821601,1.68995503018109
0.554,43.731372,1.69055452716298
0.555,43.528489,1.69109039235412
0.556,43.441074,1.69163792756539
0.557,43.473671,1.6922235915493
0.558,43.414746,1.69281966800805
0.559,43.463009,1.69341217303823
0.56,43.217329,1.69394290744467
0.561,43.150522,1.69446091549296
0.562,43.161453,1.69506036217304
0.563,43.322881,1.69567369215292
0.564,43.35839,1.69628244466801
0.565,43.277332,1.69688294768612
0.566,41.668127,1.69726539235412
0.567,43.184893,1.69803219315895
0.568,43.705809,1.69877741448692
0.569,42.274389,1.69914652917505
0.57,43.236288,1.69983792756539
0.571,43.104175,1.70042665995976
0.572,42.3369,1.70090291750503
0.573,43.068545,1.70159959758551
0.574,42.860077,1.70216408450704
0.575,42.406355,1.70268586519115
0.576,42.861284,1.70332535211268
0.577,42.739674,1.70389934607646
0.578,42.333734,1.70440025150905
0.579,42.607711,1.70501534205231
0.58,42.460508,1.7055629778672
0.581,42.190803,1.70608541247485
0.582,42.264546,1.7066560362173
0.583,42.15872,1.70722132796781
0.584,41.92844,1.70773078470825
0.585,41.928768,1.70828601609658
0.586,41.896586,1.7088514084507
0.587,41.70719,1.70933732394366
0.588,41.697882,1.70990150905433
0.589,41.554487,1.71038551307847
0.59,41.418441,1.71092615694165
0.591,41.555548,1.71146463782696
0.592,41.372413,1.71200809859155
0.593,41.396843,1.71254084507042
0.594,41.390508,1.71310467806841
0.595,41.356243,1.71365377263581
0.596,41.168278,1.71415362173038
0.597,41.146956,1.71468314889336
0.598,41.076835,1.71517042253521
0.599,41.004937,1.71565306841046
0.6,40.875395,1.71602203219316
0.601,40.87232,1.71643923541247
0.602,40.839045,1.71688430583501
0.603,40.852347,1.71739195171026
0.604,40.758061,1.7178805331992
0.605,40.553375,1.71824738430583
0.606,40.422632,1.71877505030181
0.607,40.578334,1.71925040241449
0.608,40.530492,1.71977706237425
0.609,40.219416,1.72014356136821
0.61,40.243364,1.72054019114688
0.611,40.478047,1.72112449698189
0.612,40.37663,1.7216666498994
0.613,39.98242,1.72206986921529
0.614,39.927818,1.72269079476861
0.615,40.041721,1.72349280684105
0.616,40.060299,1.723878722334
0.617,39.753163,1.72450955734406
0.618,39.789701,1.72510020120724
0.619,39.924653,1.72563807847083
0.62,39.772769,1.72608908450704
0.621,39.574916,1.72656820925553
0.622,39.589954,1.72699315895372
0.623,39.777373,1.7275838028169
0.624,39.511362,1.72807344064386
0.625,39.374776,1.72847826961771
0.626,39.432648,1.72909622736419
0.627,39.536179,1.72977057344064
0.628,39.335424,1.730178722334
0.629,39.014629,1.73056408450704
0.63,39.023479,1.73089834004024
0.631,39.258289,1.73154471830986
0.632,39.203418,1.73195095573441
0.633,38.93662,1.73238651911469
0.634,38.954342,1.73309361167002
0.635,39.185451,1.73355729376258
0.636,39.05235,1.73422922535211
0.637,38.82042,1.73458294768612
0.638,38.80193,1.73522681086519
0.639,39.001727,1.73563329979879
0.64,38.915629,1.73605316901408
0.641,38.541785,1.73655950704225
0.642,38.495134,1.73708088531187
0.643,38.725264,1.73761569416499
0.644,38.658603,1.73820075452716
0.645,38.391167,1.7387300804829
0.646,38.307343,1.73916307847083
0.647,38.475589,1.73981001006036
0.648,38.354252,1.74037857142857
0.649,37.997621,1.7406953722334
0.65,38.01445,1.74121182092555
0.651,38.294866,1.74177696177062
0.652,38.072169,1.7421472334004
0.653,37.839123,1.74260669014085
0.654,37.995837,1.74296886317907
0.655,38.24846,1.74352218309859
0.656,38.189653,1.74400150905433
0.657,37.892258,1.74450035211268
0.658,38.026955,1.74493646881288
0.659,38.301236,1.74544708249497
0.66,38.063051,1.74599728370221
0.661,37.812189,1.74627535211268
0.662,38.032679,1.74687208249497
0.663,38.053014,1.7473152917505
0.664,37.736153,1.74789205231388
0.665,37.515001,1.74830940643863
0.666,37.641147,1.74877228370221
0.667,37.802289,1.7490490945674
0.668,37.473004,1.74968772635815
0.669,37.379609,1.75001146881288
0.67,37.346662,1.75048692152918
0.671,37.490275,1.75090975855131
0.672,37.242197,1.75143098591549
0.673,37.119073,1.75171846076459
0.674,37.42047,1.75223073440644
0.675,37.364034,1.7530426056338
0.676,37.000113,1.75332816901408
0.677,36.991918,1.75385819919517
0.678,37.181477,1.75440452716298
0.679,37.187646,1.75488113682093
0.68,36.924539,1.75523787726358
0.681,36.863468,1.75570075452716
0.682,37.184163,1.75627474849095
0.683,37.229569,1.7567273138833
0.684,36.956471,1.75721151911469
0.685,36.998449,1.75773179074447
0.686,37.216067,1.75816670020121
0.687,37.156532,1.7586333501006
0.688,36.896567,1.75909869215292
0.689,36.844351,1.75954512072435
0.69,37.0413,1.76007520120724
0.691,37.004882,1.76041559356137
0.692,36.800584,1.76090135814889
0.693,36.786337,1.76132308853119
0.694,36.858688,1.76172429577465
0.695,36.749523,1.76219839034205
0.696,36.60086,1.76257505030181
0.697,36.559561,1.76301001006036
0.698,36.716335,1.76351675050302
0.699,36.635694,1.76399798792757
0.7,36.609546,1.76433687122736
0.701,36.483183,1.76480638832998
0.702,36.624505,1.76518732394366
0.703,36.268625,1.76562092555332
0.704,36.129575,1.76603913480885
0.705,36.307993,1.76663757545272
0.706,36.359718,1.76701423541247
0.707,36.300566,1.76748133802817
0.708,36.191126,1.76786976861167
0.709,36.206738,1.76834874245473
0.71,36.250804,1.76869889336016
0.711,36.215615,1.76921780684105
0.712,35.949049,1.76957318913481
0.713,36.095509,1.76998279678068
0.714,36.29944,1.7706055331992
0.715,36.041777,1.77094486921529
0.716,36.051689,1.7714027665996
0.717,36.136113,1.7718782193159
0.718,35.787919,1.77228405432596
0.719,35.795229,1.77265905432596
0.72,35.803155,1.7731550804829
0.721,36.030476,1.77367766599598
0.722,35.94797,1.77403707243461
0.723,35.872313,1.77452781690141
0.724,35.72168,1.77487887323944
0.725,35.694471,1.77531710261569
0.726,35.686175,1.77576096579477
0.727,35.546669,1.77608229376258
0.728,35.545758,1.77657298792757
0.729,35.582596,1.77697394366197
0.73,35.684883,1.77750176056338
0.731,35.619566,1.77781161971831
0.732,35.626326,1.77826680080483
0.733,35.590383,1.77874683098592
0.734,35.486909,1.77914049295775
0.735,35.422395,1.77960085513078
0.736,35.409994,1.78000533199195
0.737,35.568935,1.78038998993964
0.738,35.521545,1.7808291750503
0.739,35.577984,1.78124652917505
0.74,35.545352,1.78168832997988
0.741,35.476698,1.78211926559356
0.742,35.41643,1.78257042253521
0.743,35.407029,1.78302022132797
0.744,35.340861,1.7833485915493
0.745,35.362321,1.78385689134809
0.746,35.380177,1.78428224346076
0.747,35.372157,1.7846226861167
0.748,35.165621,1.7851592555332
0.749,35.138632,1.78554964788732
0.75,35.189702,1.78597047283702
0.751,35.175568,1.78630477867203
0.752,35.158746,1.78668772635815
0.753,35.328007,1.787196277666
0.754,35.182011,1.78757208249497
0.755,35.060535,1.78798309859155
0.756,35.097593,1.7884235915493
0.757,35.180143,1.78882097585513
0.758,34.994235,1.78925845070423
0.759,34.881854,1.78960347082495
0.76,35.011047,1.79000628772636
0.761,34.755616,1.79039698189135
0.762,34.719774,1.79076398390342
0.763,34.903814,1.79122067404427
0.764,34.911058,1.79160729376258
0.765,34.568392,1.79199134808853
0.766,34.677469,1.79236207243461
0.767,34.790773,1.79280684104628
0.768,34.628802,1.79323858148893
0.769,34.424895,1.79360568410463
0.77,34.694722,1.79401031187123
0.771,34.653135,1.79438294768612
0.772,34.416843,1.79481936619718
0.773,34.396869,1.79510618712274
0.774,34.557861,1.79554466800805
0.775,34.476343,1.79597389336016
0.776,34.469198,1.79632660965795
0.777,34.414712,1.79667791750503
0.778,34.582384,1.79710251509054
0.779,34.474677,1.79749894366197
0.78,34.227806,1.79777007042254
0.781,34.313466,1.79819652917505
0.782,34.645053,1.79867826961771
0.783,34.212633,1.79898204225352
0.784,34.318839,1.79940165995976
0.785,34.510197,1.79977630784708
0.786,34.477195,1.8001722334004
0.787,34.226971,1.80050709255533
0.788,34.297665,1.80088998993964
0.789,34.466135,1.80133672032193
0.79,34.354944,1.80167278672032
0.791,34.286323,1.80207756539235
0.792,34.403552,1.80240306841046
0.793,34.453256,1.80279718309859
0.794,34.277464,1.80314089537223
0.795,34.387321,1.80351846076459
0.796,34.639263,1.8038833501006
0.797,34.591858,1.80426795774648
0.798,34.249534,1.80472997987928
0.799,34.341437,1.80499185110664
0.8,34.521756,1.80545105633803
0.801,34.271437,1.80580533199195
0.802,34.221117,1.8060745472837
0.803,34.406321,1.80652726358149
0.804,34.478771,1.80693169014085
0.805,34.155871,1.80722585513078
0.806,34.304149,1.80754713279678
0.807,34.409183,1.80809099597585
0.808,34.32994,1.80835719315895
0.809,34.251271,1.80869839034205
0.81,34.394305,1.80903365191147
0.811,34.40122,1.80944703219316
0.812,34.212521,1.80972741448692
0.813,34.198413,1.81015427565392
0.814,34.453386,1.81056534205231
0.815,34.349277,1.81080447686117
0.816,34.351201,1.81123028169014
0.817,34.331267,1.81156177062374
0.818,34.225024,1.81197957746479
0.819,34.101153,1.81200216297787
0.82,34.1151,1.81234617706237
0.821,34.179109,1.81268083501006
0.822,34.169988,1.81323667002012
0.823,34.079992,1.8135735915493
0.824,34.270287,1.81397117706237
0.825,34.191586,1.81418279678068
0.826,34.058536,1.81463370221328
0.827,34.008166,1.81486212273642
0.828,34.183849,1.81530216297787
0.829,33.900477,1.81547826961771
0.83,33.866963,1.8159430583501
0.831,34.054084,1.81621841046278
0.832,34.059721,1.816523138833
0.833,33.998131,1.81698063380282
0.834,34.097196,1.81746519114688
0.835,34.116516,1.81744773641851
0.836,33.929182,1.81791192152918
0.837,33.876433,1.81827379275654
0.838,34.070891,1.81867469818913
0.839,34.061226,1.81907213279678
0.84,33.845155,1.81906750503018
0.841,33.837499,1.81961443661972
0.842,33.841762,1.81978224346076
0.843,33.825004,1.82050382293763
0.844,33.66279,1.82073516096579
0.845,33.860743,1.821253722334
0.846,34.00202,1.8213060362173
0.847,33.722906,1.82157540241449
0.848,33.647713,1.82209089537223
0.849,33.757909,1.82247218309859
0.85,33.85241,1.82270573440644
0.851,33.610621,1.82309587525151
0.852,33.595576,1.82335578470825
0.853,33.886117,1.82368506036217
0.854,33.786917,1.82412867203219
0.855,33.524405,1.82440492957746
0.856,33.598009,1.82466524144869
0.857,33.729399,1.82503108651911
0.858,33.608199,1.82537213279678
0.859,33.479966,1.82566730382294
0.86,33.48348,1.82612117706237
0.861,33.652425,1.82638621730382
0.862,33.512938,1.82664295774648
0.863,33.341151,1.82684129778672
0.864,33.646338,1.82727489939638
0.865,33.780081,1.82768878269618
0.866,33.412948,1.82804496981891
0.867,33.227889,1.82811690140845
0.868,33.476082,1.82837147887324
0.869,33.497714,1.82897796780684
0.87,33.355481,1.82917902414487
0.871,33.302942,1.82954134808853
0.872,33.458163,1.82983732394366
0.873,33.395828,1.82996081488934
0.874,33.302264,1.83046413480885
0.875,33.337212,1.83067193158954
0.876,33.483297,1.83111212273642
0.877,33.254007,1.83139210261569
0.878,33.29001,1.83157132796781
0.879,33.374419,1.83199004024145
0.88,33.416589,1.83228400402414
0.881,33.099457,1.83265206237425
0.882,33.183185,1.83308858148893
0.883,33.330982,1.83322132796781
0.884,33.025347,1.83330256539235
0.885,33.083428,1.83358636820926
0.886,33.327717,1.83395895372233
0.887,33.139129,1.83418983903421
0.888,32.97348,1.83451710261569
0.889,33.070787,1.83505769617706
0.89,33.237776,1.83518299798793
0.891,33.147437,1.83555538229376
0.892,32.949757,1.83591715291751
0.893,33.062025,1.83601483903421
0.894,33.071441,1.83634994969819
0.895,32.85433,1.83684939637827
0.896,32.824282,1.83701348088531
0.897,32.950619,1.83734507042254
0.898,32.890004,1.83747142857143
0.899,32.871919,1.83776504024145
0.9,32.892621,1.83838747484909
0.901,33.026338,1.83896408450704
0.902,32.789129,1.8395976861167
0.903,32.706477,1.83999879275654
0.904,32.839078,1.84010719315895
0.905,32.988845,1.84058943661972
0.906,32.772891,1.84065110663984
0.907,32.670464,1.84104406438632
0.908,32.765917,1.84132620724346
0.909,32.929712,1.84175447686117
0.91,32.680388,1.84215487927565
0.911,32.665402,1.84236740442656
0.912,32.762869,1.84268304828974
0.913,32.72511,1.84293903420523
0.914,32.556496,1.84324039235412
0.915,32.644859,1.84364989939638
0.916,32.856853,1.84405608651911
0.917,32.583756,1.84419708249497
0.918,32.47057,1.84448687122736
0.919,32.704417,1.84474542253521
0.92,32.734536,1.84513169014085
0.921,32.6274,1.84540135814889
0.922,32.481966,1.84564818913481
0.923,32.71582,1.84592857142857
0.924,32.606526,1.84620538229376
0.925,32.480034,1.84651046277666
0.926,32.600711,1.84696031187123
0.927,32.595041,1.84714949698189
0.928,32.319773,1.84736670020121
0.929,32.438316,1.8476777665996
0.93,32.565025,1.8478990945674
0.931,32.407193,1.84829612676056
0.932,32.171993,1.84854637826962
0.933,32.292545,1.8488
0.934,32.288417,1.84907585513078
0.935,32.03505,1.84931222334004
0.936,32.005256,1.84963435613682
0.937,32.348406,1.8499569416499
0.938,32.217325,1.85020855130785
0.939,31.999622,1.85042072434608
0.94,32.145403,1.8507967806841
0.941,32.218497,1.85109436619718
0.942,32.040619,1.85130684104628
0.943,31.992202,1.85168234406439
0.944,32.348844,1.85204059356137
0.945,32.200604,1.85209673038229
0.946,32.000969,1.85236866197183
0.947,32.229702,1.85283375251509
0.948,32.2179,1.85301961770624
0.949,31.864604,1.85322228370221
0.95,31.837528,1.85364079476861
0.951,32.164612,1.85398078470825
0.952,31.883356,1.85414466800805
0.953,31.717438,1.85437927565392
0.954,31.888761,1.85465553319919
0.955,32.032831,1.8550143360161
0.956,31.688106,1.85527152917505
0.957,31.606766,1.85549159959759
0.958,31.8093,1.85585513078471
0.959,31.842461,1.85610015090543
0.96,31.556575,1.8563134305835
0.961,31.72323,1.85665105633803
0.962,31.960293,1.85693033199195
0.963,31.733298,1.85717399396378
0.964,31.696185,1.857448138833
0.965,31.854106,1.85778023138833
0.966,31.831964,1.85810523138833
0.967,31.545036,1.85822660965795
0.968,31.701479,1.85847344064386
0.969,31.910821,1.85883153923541
0.97,31.553136,1.85905608651911
0.971,31.66806,1.85928581488934
0.972,31.713698,1.85954844064386
0.973,31.798361,1.85975754527163
0.974,31.467982,1.8599514084507
0.975,31.525424,1.86040316901408
0.976,31.683183,1.86070714285714
0.977,31.494107,1.86096654929577
0.978,31.371915,1.86115543259557
0.979,31.388971,1.86139688128773
0.98,31.507823,1.86175789738431
0.981,31.362296,1.86196584507042
0.982,31.304794,1.8622120221328
0.983,31.44264,1.86249371227364
0.984,31.392003,1.86274170020121
0.985,31.226891,1.86265870221328
0.986,31.324195,1.86338953722334
0.987,31.441814,1.86357977867203
0.988,31.250808,1.8637365694165
0.989,31.159726,1.86403375251509
0.99,31.445461,1.86430226358149
0.991,31.358527,1.86465513078471
0.992,31.242863,1.86482862173038
0.993,31.263337,1.86486820925553
0.994,31.348029,1.86494597585513
0.995,31.251294,1.86554336016097
0.996,31.124881,1.86564547283702
0.997,31.114884,1.86594134808853
0.998,31.199752,1.86605422535211
0.999,31.077267,1.86670714285714
1,31.139643,1.8669176056338
1.001,31.205236,1.86716116700201
1.002,31.182115,1.86735523138833
1.003,31.066434,1.86760281690141
1.004,31.0034,1.86783460764588
1.005,31.096498,1.86807952716298
1.006,31.101529,1.86839059356137
1.007,31.143918,1.86853495975855
1.008,31.084325,1.86877117706237
1.009,31.10066,1.86874708249497
1.01,31.027893,1.86909642857143
1.011,31.037965,1.86927982897384
1.012,31.099727,1.8695088028169
1.013,30.964511,1.87003827967807
1.014,31.024558,1.87009652917505
1.015,31.043251,1.87012283702213
1.016,30.98013,1.87038621730382
1.017,30.905823,1.87076951710262
1.018,30.874511,1.87100990945674
1.019,30.896533,1.8712092555332
1.02,30.775608,1.8713842555332
1.021,30.956609,1.87176715291751
1.022,30.72779,1.87195860160966
1.023,30.846972,1.87221956740443
1.024,30.882481,1.87256322937626
1.025,30.901248,1.87270236418511
1.026,30.880331,1.87284864185111
1.027,30.913783,1.87305337022133
1.028,30.952593,1.87331564386318
1.029,30.929064,1.8735926056338
1.03,30.940294,1.87373214285714
1.031,31.056985,1.87402027162978
1.032,30.985006,1.87417112676056
1.033,31.044372,1.87458687122736
1.034,31.049565,1.87486212273642
1.035,31.13362,1.87513692152917
1.036,30.965986,1.87536423541247
1.037,31.033205,1.8754643360161
1.038,31.179408,1.8754985915493
1.039,30.961438,1.87583093561368
1.04,31.010949,1.87606841046278
1.041,31.063983,1.8762745472837
1.042,30.967889,1.87652676056338
1.043,30.914817,1.87673279678068
1.044,30.978057,1.87688973843058
1.045,31.044549,1.8771694668008
1.046,31.056884,1.87733319919517
1.047,31.022104,1.87740452716298
1.048,30.980898,1.87768133802817
1.049,30.886658,1.87798526156942
1.05,30.879862,1.87831242454728
1.051,30.913135,1.8784796277666
1.052,30.997618,1.87867052313883
1.053,30.973291,1.87898184104628
1.054,30.933688,1.87911579476861
1.055,31.010376,1.87942655935614
1.056,30.98989,1.87946745472837
1.057,30.97693,1.8798027665996
1.058,30.900245,1.87973948692153
1.059,30.899204,1.8800310362173
1.06,30.997503,1.88045120724346
1.061,31.065466,1.88062273641851
1.062,31.039277,1.88090804828974
1.063,31.058309,1.88098209255533
1.064,31.10132,1.88133118712274
1.065,31.093444,1.88148169014084
1.066,31.042031,1.88165201207243
1.067,31.068099,1.88197389336016
1.068,31.097777,1.88219009054326
1.069,31.054801,1.88213098591549
1.07,31.055563,1.8824805331992
1.071,31.055023,1.88276750503018
1.072,31.063771,1.88303873239437
1.073,30.936156,1.88302771629779
1.074,30.753971,1.88325840040241
1.075,31.008435,1.88361659959759
1.076,31.089934,1.8837819416499
1.077,30.976077,1.88394014084507
1.078,30.93933,1.88413807847082
1.079,30.919601,1.88459044265594
1.08,31.02624,1.88459662977867
1.081,30.883331,1.88495382293763
1.082,30.815671,1.88520362173038
1.083,30.90855,1.88546101609658
1.084,30.912077,1.88565900402414
1.085,30.824641,1.88567655935614
1.086,30.718477,1.88594195171026
1.087,30.800771,1.88623430583501
1.088,30.782547,1.88648174044266
1.089,30.650408,1.886498138833
1.09,30.721019,1.88684592555332
1.091,30.824997,1.88714738430583
1.092,30.767099,1.88724969818913
1.093,30.707853,1.88757676056338
1.094,30.638427,1.8875893360161
1.095,30.730669,1.88785840040241
1.096,30.779949,1.88817806841046
1.097,30.689489,1.88826126760563
1.098,30.738303,1.88851710261569
1.099,30.735157,1.88855055331992
1.1,30.692495,1.88904974849095
1.101,30.574628,1.88905457746479
1.102,30.707511,1.88925171026157
1.103,30.935352,1.88949295774648
1.104,30.846409,1.89003199195171
1.105,30.759598,1.89012042253521
1.106,30.755468,1.89043762575453
1.107,30.774717,1.89036438631791
1.108,30.790773,1.89048143863179
1.109,30.66384,1.89083958752515
1.11,30.734807,1.89099657947686
1.111,30.851879,1.89123511066398
1.112,30.786614,1.8913976861167
1.113,30.631788,1.89176227364185
1.114,30.665204,1.89193224346076
1.115,30.622721,1.89213516096579
1.116,30.641676,1.89242972837022
1.117,30.603044,1.89238858148893
1.118,30.651767,1.89271101609658
1.119,30.745754,1.8930189637827
1.12,30.605688,1.89313345070423
1.121,30.502695,1.893425
1.122,30.569517,1.89352630784708
1.123,30.505434,1.89372555331992
1.124,30.572922,1.89395784708249
1.125,30.520294,1.89405960764588
1.126,30.461621,1.89429461770624
1.127,30.560018,1.89453345070423
1.128,30.439984,1.89476810865191
1.129,30.409498,1.89480674044266
1.13,30.413648,1.89529265593561
1.131,30.475394,1.89547746478873
1.132,30.545491,1.89577349094567
1.133,30.415759,1.89591136820926
1.134,30.414711,1.89605855130785
1.135,30.413178,1.89634607645875
1.136,30.459545,1.89652726358149
1.137,30.459634,1.896648138833
1.138,30.373824,1.89697676056338
1.139,30.394022,1.89712102615694
1.14,30.432512,1.89737027162978
1.141,30.309598,1.8974800804829
1.142,30.213001,1.89775357142857
1.143,30.215588,1.89801091549296
1.144,30.24667,1.89815774647887
1.145,30.285513,1.89841041247485
1.146,30.262091,1.89853672032193
1.147,30.313378,1.89874884305835
1.148,30.320361,1.89904763581489
1.149,30.222476,1.89910870221328
1.15,30.232469,1.89939426559356
1.151,30.196997,1.89957771629779
1.152,30.341679,1.89974854124748
1.153,30.259249,1.89988018108652
1.154,30.13049,1.90014496981891
1.155,30.125032,1.9002870221328
1.156,30.220732,1.90060890342052
1.157,30.238064,1.90074496981891
1.158,30.133752,1.9008939637827
1.159,30.166694,1.90103757545272
1.16,30.139356,1.90111056338028
1.161,30.156091,1.90153727364185
1.162,30.175282,1.9014819416499
1.163,30.176347,1.90173485915493
1.164,30.050081,1.9019115694165
1.165,30.065992,1.90233138832998
1.166,29.949568,1.90224175050302
1.167,29.971381,1.90257449698189
1.168,30.131031,1.9028319416499
1.169,30.112025,1.90294300804829
1.17,30.05066,1.90319099597586
1.171,30.02532,1.90317429577465
1.172,30.073185,1.90371182092555
1.173,30.137694,1.90383153923541
1.174,29.857895,1.90384084507042
1.175,29.987076,1.90407142857143
1.176,30.061729,1.90431871227364
1.177,30.175746,1.90450437625755
1.178,30.064474,1.90452157947686
1.179,29.960857,1.9048717806841
1.18,30.041355,1.90510206237425
1.181,30.107926,1.90539899396378
1.182,30.027515,1.90549496981891
1.183,29.941113,1.90557369215292
1.184,29.95015,1.90595125754527
1.185,30.071441,1.90634376257545
1.186,29.96086,1.9063661971831
1.187,29.826196,1.90650990945674
1.188,29.932051,1.90677012072435
1.189,29.880859,1.90673133802817
1.19,29.942054,1.90718822937626
1.191,29.72081,1.90729889336016
1.192,29.727839,1.90733501006036
1.193,29.932187,1.90769406438632
1.194,29.957438,1.9080027665996
1.195,29.863045,1.9080754527163
1.196,29.711512,1.90811780684105
1.197,29.768882,1.90818184104628
1.198,29.800819,1.90847369215292
1.199,29.854565,1.90875598591549
1.2,29.742871,1.90895286720322
1.201,29.73235,1.90912957746479
1.202,29.787251,1.90930211267606
1.203,29.77691,1.90941282696177
1.204,29.716499,1.90964069416499
1.205,29.61355,1.90972132796781
1.206,29.721091,1.91008672032193
1.207,29.797693,1.91029486921529
1.208,29.826793,1.91045246478873
1.209,29.735747,1.91069300804829
1.21,29.798082,1.91073355130785
1.211,29.843934,1.91103440643863
1.212,29.850322,1.9112550804829
1.213,29.857008,1.9114273138833
1.214,29.798868,1.91157565392354
1.215,29.738184,1.91186971830986
1.216,29.684765,1.91201966800805
1.217,29.788479,1.91215749496982
1.218,29.771573,1.91248868209256
1.219,29.830316,1.91268953722334
1.22,29.757924,1.91282786720322
1.221,29.714676,1.91281936619718
1.222,29.688076,1.91325930583501
1.223,29.579758,1.91323133802817
1.224,29.601582,1.91324159959759
1.225,29.640974,1.91372203219316
1.226,29.684028,1.91383661971831
1.227,29.594639,1.9140245472837
1.228,29.549042,1.91430492957746
1.229,29.609209,1.91429688128773
1.23,29.464735,1.91462132796781
1.231,29.470834,1.91497801810865
1.232,29.555035,1.91502811871227
1.233,29.575094,1.91541197183099
1.234,29.524217,1.91538646881288
1.235,29.45323,1.91559959758551
1.236,29.410149,1.91567515090543
1.237,29.374943,1.91586071428571
1.238,29.387479,1.91618501006036
1.239,29.394565,1.91628661971831
1.24,29.51786,1.9165435110664
1.241,29.573901,1.91683822937626
1.242,29.400723,1.91701509054326
1.243,29.336764,1.91717927565392
1.244,29.349185,1.91720704225352
1.245,29.388632,1.91750035211268
1.246,29.220288,1.91758038229376
1.247,29.227159,1.91766659959759
1.248,29.293833,1.91795165995976
1.249,29.396045,1.91832816901408
1.25,29.36575,1.9184564889336
1.251,29.379702,1.91871715291751
1.252,29.356936,1.91882419517103
1.253,29.391483,1.91872972837022
1.254,29.332197,1.91917389336016
1.255,29.305891,1.91952122736418
1.256,29.194402,1.91934159959759
1.257,29.19593,1.91966800804829
1.258,29.26282,1.91942077464789
1.259,29.263495,1.92018581488934
1.26,29.296387,1.920426861167
1.261,29.30892,1.92069225352113
1.262,29.190722,1.92082404426559
1.263,29.139976,1.92088636820926
1.264,29.104319,1.92115995975855
1.265,29.108836,1.92136001006036
1.266,29.13251,1.92134728370221
1.267,29.224966,1.921753722334
1.268,29.34221,1.92191383299799
1.269,29.214612,1.92215256539235
1.27,29.135979,1.92227525150905
1.271,29.141518,1.92232706237425
1.272,29.172647,1.92273345070423
1.273,29.248118,1.92288586519115
1.274,29.222619,1.92315895372233
1.275,29.315581,1.92338898390342
1.276,29.336319,1.9235023138833
1.277,29.238042,1.9235810362173
1.278,29.218727,1.92396373239437
1.279,29.235512,1.92402339034205
1.28,29.274218,1.92405950704225
1.281,29.230796,1.92425724346076
1.282,29.145048,1.92463767605634
1.283,29.067706,1.92478501006036
1.284,29.055319,1.92486871227364
1.285,29.040846,1.92516403420523
1.286,29.017489,1.92521584507042
1.287,29.028854,1.92553153923541
1.288,29.032836,1.92564703219316
1.289,29.106565,1.92583174044266
1.29,29.208779,1.92608430583501
1.291,29.194589,1.92617992957746
1.292,29.156756,1.92642364185111
1.293,29.189378,1.92668158953722
1.294,29.309284,1.92671468812877
1.295,29.226409,1.92697635814889
1.296,29.110891,1.92712862173038
1.297,29.123446,1.92732193158954
1.298,29.056522,1.92755362173038
1.299,29.092112,1.9277296277666
1.3,29.01565,1.92788606639839
1.301,29.084765,1.92800895372233
1.302,29.021619,1.92825513078471
1.303,28.98671,1.92830915492958
1.304,28.987165,1.92839657947686
1.305,29.000554,1.92878118712274
1.306,28.927041,1.92884904426559
1.307,28.95877,1.92911403420523
1.308,29.040343,1.92929899396378
1.309,29.049116,1.92958093561368
1.31,29.070623,1.92957897384306
1.311,28.989943,1.92977691146881
1.312,29.036918,1.92998913480885
1.313,28.917622,1.93010291750503
1.314,28.950498,1.93027831991952
1.315,28.931926,1.93053641851107
1.316,28.938942,1.93068822937626
1.317,28.903746,1.93089733400402
1.318,28.899071,1.93098737424547
1.319,28.933911,1.9311972334004
1.32,28.97517,1.9313939637827
1.321,28.824042,1.93176680080483
1.322,28.823535,1.93180145875252
1.323,28.950418,1.93212932595573
1.324,28.899473,1.9320888832998
1.325,28.812244,1.93216046277666
1.326,28.818338,1.9326676056338
1.327,28.92223,1.93247585513078
1.328,28.997765,1.93286061368209
1.329,28.922604,1.93286775653924
1.33,28.857953,1.93326554325956
1.331,28.755522,1.93333023138833
1.332,28.81902,1.93353782696177
1.333,28.863755,1.93375025150905
1.334,28.82116,1.93369255533199
1.335,28.873514,1.93399879275654
1.336,28.88028,1.93416609657948
1.337,28.806356,1.93429637826962
1.338,28.808687,1.93467791750503
1.339,28.755902,1.93477716297787
1.34,28.648716,1.93495432595573
1.341,28.735494,1.93526815895372
1.342,28.77142,1.93548848088531
1.343,28.843971,1.93573133802817
1.344,28.791855,1.93585829979879
1.345,28.827991,1.93589703219316
1.346,28.89001,1.93617087525151
1.347,28.950828,1.93630975855131
1.348,28.866149,1.93666911468813
1.349,28.800843,1.93697781690141
1.35,28.793797,1.93708772635815
1.351,28.866754,1.93693923541247
1.352,28.892737,1.93737746478873
1.353,28.928978,1.93752947686117
1.354,28.898045,1.93770980885312
1.355,28.885667,1.93791569416499
1.356,28.895672,1.93823551307847
1.357,29.045446,1.93840819919517
1.358,28.952079,1.93852791750503
1.359,28.907634,1.93877434607646
1.36,28.872842,1.93892862173038
1.361,28.913372,1.93913174044266
1.362,28.940428,1.9392773138833
1.363,28.933085,1.93942952716298
1.364,28.938336,1.93959436619718
1.365,29.075537,1.9398004527163
1.366,29.005669,1.9400402917505
1.367,28.991157,1.94019703219316
1.368,29.049881,1.94036106639839
1.369,29.029423,1.9405879778672
1.37,29.048392,1.94067339034205
1.371,29.066767,1.9407958249497
1.372,29.108727,1.94111594567404
1.373,29.087132,1.94117278672032
1.374,28.975835,1.94134788732394
1.375,28.871923,1.94143485915493
1.376,28.90439,1.94156634808853
1.377,28.930645,1.94180633802817
1.378,29.004654,1.94219270623742
1.379,28.904335,1.94231614688129
1.38,28.912921,1.94261081488934
1.381,29.017917,1.94281544265594
1.382,28.97793,1.94300714285714
1.383,28.962314,1.94318214285714
1.384,28.910461,1.94326976861167
1.385,28.93445,1.9433259054326
1.386,29.015057,1.94366961770624
1.387,28.946786,1.94381564386318
1.388,28.864723,1.94391951710262
1.389,28.832936,1.94414763581489
1.39,28.814369,1.94427369215292
1.391,28.759216,1.94443189134809
1.392,28.821182,1.94464758551308
1.393,28.931283,1.94488521126761
1.394,28.964605,1.94500724346076
1.395,29.007826,1.94533073440644
1.396,29.023846,1.94545558350101
1.397,28.979637,1.94557459758551
1.398,28.974793,1.94574602615694
1.399,28.950804,1.94597349094567
1.4,29.028558,1.94607937625755
1.401,29.05185,1.94633697183099
1.402,29.220575,1.94643586519115
1.403,29.071555,1.9466972334004
1.404,29.081008,1.94682721327968
1.405,29.128896,1.94703873239437
1.406,29.055256,1.94718314889336
1.407,29.124502,1.94743420523139
1.408,29.086004,1.9474157444668
1.409,29.031329,1.94773848088531
1.41,29.042724,1.94772771629779
1.411,29.088768,1.94805447686117
1.412,29.066993,1.94828782696177
1.413,29.087623,1.94848495975855
1.414,29.210258,1.94859914486922
1.415,29.192741,1.94881393360161
1.416,28.985765,1.94893606639839
1.417,29.102858,1.94917283702213
1.418,29.143924,1.94924964788732
1.419,29.028344,1.9495273138833
1.42,28.908316,1.94952972837022
1.421,29.005888,1.94979250503018
1.422,28.965441,1.94991192152918
1.423,29.000016,1.95016886317907
1.424,29.06614,1.95047837022133
1.425,29.076371,1.95056599597586
1.426,29.106921,1.95062615694165
1.427,29.086185,1.95074818913481
1.428,29.035774,1.95115196177062
1.429,29.089397,1.95137826961771
1.43,29.044963,1.95139456740443
1.431,29.060696,1.95160523138833
1.432,29.149507,1.9518916498994
1.433,29.092473,1.95211810865191
1.434,29.049375,1.95221403420523
1.435,28.992167,1.9524370221328
1.436,28.982026,1.9524916498994
1.437,29.067018,1.95277243460765
1.438,29.079803,1.95285347082495
1.439,29.044132,1.9529976861167
1.44,29.006103,1.95319496981891
1.441,29.029371,1.95344884305835
1.442,28.927237,1.95352474849095
1.443,28.901573,1.95350286720322
1.444,28.875321,1.95393400402414
1.445,28.92361,1.95399386317907
1.446,28.928203,1.95428697183099
1.447,28.788699,1.9543495472837
1.448,28.887462,1.95443988933602
1.449,28.854401,1.95451564386318
1.45,28.848512,1.95482494969819
1.451,28.901009,1.95487510060362
1.452,28.891708,1.95517459758551
1.453,28.813142,1.95513234406439
1.454,28.893325,1.95521272635815
1.455,28.851446,1.95531458752515
1.456,28.831815,1.95549416498994
1.457,28.806547,1.95569914486922
1.458,28.878433,1.95585990945674
1.459,29.001071,1.95639728370221
1.46,28.829212,1.95662605633803
1.461,28.847461,1.95692007042254
1.462,28.870094,1.95719094567404
1.463,28.891742,1.95725130784708
1.464,28.742211,1.95733968812877
1.465,28.643935,1.95756187122736
1.466,28.664369,1.95767570422535
1.467,28.797223,1.95790055331992
1.468,28.742747,1.95818329979879
1.469,28.758587,1.95830015090543
1.47,28.884336,1.95854225352113
1.471,28.91036,1.95852424547284
1.472,28.810253,1.95886685110664
1.473,28.761732,1.95895467806841
1.474,28.786018,1.95914622736419
1.475,28.827249,1.95934039235412
1.476,28.91523,1.95947892354125
1.477,28.835404,1.95970256539235
1.478,28.861708,1.95988521126761
1.479,28.808496,1.95992857142857
1.48,28.943081,1.96017530181087
1.481,28.849701,1.96031312877264
1.482,28.789304,1.96053078470825
1.483,28.881103,1.9607092555332
1.484,28.81866,1.96099652917505
1.485,28.816527,1.96103636820926
1.486,28.804628,1.96117610663984
1.487,28.812282,1.96145679074447
1.488,28.791342,1.96164748490946
1.489,28.84016,1.96177605633803
1.49,28.824074,1.96199728370221
1.491,28.792553,1.96213963782696
1.492,28.857022,1.96236378269618
1.493,28.812064,1.96255618712274
1.494,28.700011,1.9625972334004
1.495,28.771246,1.96282992957746
1.496,28.830383,1.96299039235412
1.497,28.930821,1.96318732394366
1.498,28.831506,1.96336644869215
1.499,28.717735,1.96357831991952
1.5,28.779394,1.963678722334
1.501,28.713087,1.9638810362173
1.502,28.714021,1.96394818913481
1.503,28.695721,1.96418118712274
1.504,28.622219,1.9643120221328
1.505,28.727115,1.96454064386318
1.506,28.646529,1.9645754527163
1.507,28.671899,1.9647509054326
1.508,28.666088,1.96460995975855
1.509,28.694656,1.96486116700201
1.51,28.657259,1.96499647887324
1.511,28.771437,1.96531373239437
1.512,28.705084,1.96546207243461
